{
    "result": {
        "Factor 1": [
            "wos",
            "scopus",
            "rsci",
            "rnd",
            "total_income",
            "square",
            "pps",
            "rnd_private",
            "pk"
        ],
        "Factor 2": [
            "e1",
            "ege_budg"
        ],
        "Factor 3": [
            "e2",
            "e4",
            "rnd",
            "rnd_private"
        ],
        "Factor 4": [
            "e5",
            "e6",
            "rsci"
        ]
    },
    "factor_loadings": {
        "Factor 1": {
            "e1": 0.01859806504378465,
            "e2": 0.18640754403113607,
            "e3": 0.13842317276094443,
            "e4": 0.07596372221010858,
            "e5": 0.09657254237762082,
            "e6": 0.04434465638750829,
            "e8": -0.10366397221190973,
            "ege_budg": 0.2142634589738898,
            "wos": 0.6607498162462188,
            "scopus": 0.7058573684160772,
            "rsci": 0.6678920631351468,
            "rnd": 0.7060646630858064,
            "total_income": 0.787276312279702,
            "square": 0.7787048996736715,
            "phd_share": 0.1918382790250565,
            "pps": 0.8872723866790034,
            "rnd_private": 0.6174589760261111,
            "pk": 0.8969623591880617
        },
        "Factor 2": {
            "e1": 0.9064605044680782,
            "e2": 0.05843021904870066,
            "e3": 0.20545419997793368,
            "e4": 0.12706063640719362,
            "e5": 0.02571828496324158,
            "e6": 0.07985914930998605,
            "e8": 0.29591744482159915,
            "ege_budg": 0.7320859105402476,
            "wos": 0.10102086518609633,
            "scopus": 0.10287385461141715,
            "rsci": 0.0010424610567445897,
            "rnd": 0.009981326910675598,
            "total_income": 0.09908911907276902,
            "square": -0.04402052070177752,
            "phd_share": -0.07477322638725865,
            "pps": 0.05402749750444471,
            "rnd_private": -0.03955904082930315,
            "pk": -0.007282750276293558
        },
        "Factor 3": {
            "e1": 0.07045043664281352,
            "e2": 0.7428647515928781,
            "e3": 0.12457156947001649,
            "e4": 0.40349347355126014,
            "e5": 0.1571520513866507,
            "e6": -0.0476262898438238,
            "e8": 0.013058733811873533,
            "ege_budg": 0.06704131679210264,
            "wos": 0.17967925017782327,
            "scopus": 0.15783943747495266,
            "rsci": 0.07174786502221117,
            "rnd": 0.5023333137858702,
            "total_income": 0.23337733496919424,
            "square": 0.11537545773560912,
            "phd_share": -0.06063341542857086,
            "pps": -0.025078753982801197,
            "rnd_private": 0.3890847544218787,
            "pk": 0.008448419617629821
        },
        "Factor 4": {
            "e1": -0.11491023047965013,
            "e2": -0.019686594207661338,
            "e3": 0.124433069846389,
            "e4": 0.17066455314266818,
            "e5": 0.6559399870293215,
            "e6": -0.5157353506123918,
            "e8": -0.035851277730497365,
            "ege_budg": -0.051801411063572105,
            "wos": 0.24179084782424773,
            "scopus": 0.2582231528183284,
            "rsci": 0.34790076322427127,
            "rnd": -0.05294801463113534,
            "total_income": 0.010440536169059952,
            "square": 0.035681445962175484,
            "phd_share": 0.27247721744745884,
            "pps": -0.06185535301339622,
            "rnd_private": 0.13081152061180545,
            "pk": -0.008472557265932231
        }
    },
    "factor_variance": {
        "Factor 1": {
            "SS Loadings": 5.24344152348629,
            "Proportional var": 0.2913023068603494,
            "Cumulative var": 0.2913023068603494
        },
        "Factor 2": {
            "SS Loadings": 1.556769779315487,
            "Proportional var": 0.08648720996197151,
            "Cumulative var": 0.3777895168223209
        },
        "Factor 3": {
            "SS Loadings": 1.3049910505779754,
            "Proportional var": 0.07249950280988753,
            "Cumulative var": 0.45028901963220846
        },
        "Factor 4": {
            "SS Loadings": 1.1040267916951496,
            "Proportional var": 0.061334821760841644,
            "Cumulative var": 0.5116238413930501
        }
    }
}