{
    "corr_method": "kendall",
    "corr_mtx": {
        "e1": {
            "e1": 1.0,
            "e2": 0.11535428242960055,
            "e3": 0.1691885410431128,
            "e4": 0.11155592692914963,
            "e5": -0.03234118823429241,
            "e6": 0.11818678063495376,
            "e8": 0.2822462283288104,
            "ege_budg": 0.6833608643296708,
            "wos": 0.07917432104684011,
            "scopus": 0.08167559157466577,
            "rsci": -0.0098958037013841,
            "rnd": 0.06675674875950317,
            "total_income": 0.10518744338127457,
            "square": -0.01817697606589644,
            "phd_share": -0.12340598996167675,
            "pps": 0.07062229032893805,
            "rnd_private": -0.0021644376525256147,
            "pk": 0.023125371614894943
        },
        "e2": {
            "e1": 0.11535428242960055,
            "e2": 1.0,
            "e3": 0.1264078450952809,
            "e4": 0.32569956998179717,
            "e5": 0.1162892539292439,
            "e6": -0.012168072292037216,
            "e8": 0.018876451912644927,
            "ege_budg": 0.12793645047348198,
            "wos": 0.25959778162586217,
            "scopus": 0.24682244778890544,
            "rsci": 0.19045643071479537,
            "rnd": 0.5228277381755702,
            "total_income": 0.2789344140736959,
            "square": 0.2129347968118062,
            "phd_share": -0.018789839615258038,
            "pps": 0.16514016950909602,
            "rnd_private": 0.4030072306174045,
            "pk": 0.18687003823595832
        },
        "e3": {
            "e1": 0.1691885410431128,
            "e2": 0.1264078450952809,
            "e3": 1.0,
            "e4": 0.1093539102105833,
            "e5": 0.11830132971233409,
            "e6": -0.054048851514808254,
            "e8": 0.08256966228284485,
            "ege_budg": 0.18362557719596334,
            "wos": 0.16074062712781442,
            "scopus": 0.16986787943557868,
            "rsci": 0.14829693313918096,
            "rnd": 0.14934884610544893,
            "total_income": 0.15780570486452677,
            "square": 0.12001270356742862,
            "phd_share": 0.02327643421238302,
            "pps": 0.1360355683313186,
            "rnd_private": 0.15342323599921662,
            "pk": 0.11578259358371672
        },
        "e4": {
            "e1": 0.11155592692914963,
            "e2": 0.32569956998179717,
            "e3": 0.1093539102105833,
            "e4": 1.0,
            "e5": 0.2068148186353017,
            "e6": -0.10689551680125545,
            "e8": 0.0010628168311237122,
            "ege_budg": 0.14521641392054574,
            "wos": 0.16791120456801828,
            "scopus": 0.15366840446409374,
            "rsci": 0.10459270205459964,
            "rnd": 0.20231127468641344,
            "total_income": 0.28293933961068446,
            "square": 0.13615173242668077,
            "phd_share": 0.007785378074465308,
            "pps": 0.026529632142285556,
            "rnd_private": 0.19266377297447226,
            "pk": 0.06764356242541092
        },
        "e5": {
            "e1": -0.03234118823429241,
            "e2": 0.1162892539292439,
            "e3": 0.11830132971233409,
            "e4": 0.2068148186353017,
            "e5": 1.0,
            "e6": -0.38256086702648534,
            "e8": -0.022465935257690816,
            "ege_budg": 0.013811746491926647,
            "wos": 0.22660720716459354,
            "scopus": 0.2335224119573455,
            "rsci": 0.28965417211666017,
            "rnd": 0.11356021240205014,
            "total_income": 0.130084241348819,
            "square": 0.12370835084777591,
            "phd_share": 0.16810243275923303,
            "pps": 0.062033792979301595,
            "rnd_private": 0.20901224135716098,
            "pk": 0.10730556102612851
        },
        "e6": {
            "e1": 0.11818678063495376,
            "e2": -0.012168072292037216,
            "e3": -0.054048851514808254,
            "e4": -0.10689551680125545,
            "e5": -0.38256086702648534,
            "e6": 1.0,
            "e8": 0.02206634139080822,
            "ege_budg": 0.10978490687270415,
            "wos": -0.048333932279921395,
            "scopus": -0.05337873097154667,
            "rsci": -0.15514863713973517,
            "rnd": 0.025315810006171908,
            "total_income": 0.008383093834861789,
            "square": 0.002032023042292472,
            "phd_share": -0.12494325033424626,
            "pps": 0.04349708181577721,
            "rnd_private": -0.04517079821550418,
            "pk": 0.020356578376501944
        },
        "e8": {
            "e1": 0.2822462283288104,
            "e2": 0.018876451912644927,
            "e3": 0.08256966228284485,
            "e4": 0.0010628168311237122,
            "e5": -0.022465935257690816,
            "e6": 0.02206634139080822,
            "e8": 1.0,
            "ege_budg": 0.17873159144705703,
            "wos": -0.04983096508825501,
            "scopus": -0.057051965101577534,
            "rsci": -0.10104124536282517,
            "rnd": -0.04710149480805035,
            "total_income": -0.041107505640797765,
            "square": -0.06863967112976123,
            "phd_share": -0.030141999379448323,
            "pps": -0.044372442333837345,
            "rnd_private": -0.09645845285907986,
            "pk": -0.13154169447307293
        },
        "ege_budg": {
            "e1": 0.6833608643296708,
            "e2": 0.12793645047348198,
            "e3": 0.18362557719596334,
            "e4": 0.14521641392054574,
            "e5": 0.013811746491926647,
            "e6": 0.10978490687270415,
            "e8": 0.17873159144705703,
            "ege_budg": 1.0,
            "wos": 0.2082429498301288,
            "scopus": 0.21809112146513593,
            "rsci": 0.13636882292869448,
            "rnd": 0.19892123071249795,
            "total_income": 0.260788785192697,
            "square": 0.122796632191375,
            "phd_share": 0.001311249833996939,
            "pps": 0.22658923561756794,
            "rnd_private": 0.12393849606805403,
            "pk": 0.19455250195393753
        },
        "wos": {
            "e1": 0.07917432104684011,
            "e2": 0.25959778162586217,
            "e3": 0.16074062712781442,
            "e4": 0.16791120456801828,
            "e5": 0.22660720716459354,
            "e6": -0.048333932279921395,
            "e8": -0.04983096508825501,
            "ege_budg": 0.2082429498301288,
            "wos": 1.0,
            "scopus": 0.7330750667189749,
            "rsci": 0.5344966081034551,
            "rnd": 0.5334698036335579,
            "total_income": 0.5475460271251062,
            "square": 0.5190976059445873,
            "phd_share": 0.1726186826997879,
            "pps": 0.5381227941756567,
            "rnd_private": 0.5013257081344332,
            "pk": 0.5543877575688776
        },
        "scopus": {
            "e1": 0.08167559157466577,
            "e2": 0.24682244778890544,
            "e3": 0.16986787943557868,
            "e4": 0.15366840446409374,
            "e5": 0.2335224119573455,
            "e6": -0.05337873097154667,
            "e8": -0.057051965101577534,
            "ege_budg": 0.21809112146513593,
            "wos": 0.7330750667189749,
            "scopus": 1.0,
            "rsci": 0.5790514248624251,
            "rnd": 0.5583180439958172,
            "total_income": 0.5742721188402155,
            "square": 0.551081500381517,
            "phd_share": 0.19909940281271907,
            "pps": 0.5741962933966283,
            "rnd_private": 0.5314407516414448,
            "pk": 0.5922863347090921
        },
        "rsci": {
            "e1": -0.0098958037013841,
            "e2": 0.19045643071479537,
            "e3": 0.14829693313918096,
            "e4": 0.10459270205459964,
            "e5": 0.28965417211666017,
            "e6": -0.15514863713973517,
            "e8": -0.10104124536282517,
            "ege_budg": 0.13636882292869448,